address,title
https://etherscan.io/address/0x83f07a951cbdf7458112fefcbe46935d439caf5a,
https://etherscan.io/address/0xc662e6b408277a237b7e80e3ba759189be27a55d,Address 0x83f07a951cbdf7458112fefcbe46935d439caf5a | Etherscan
https://etherscan.io/address/0x17eb56b1938b179ba6272fe2f93e840f9d4c4701,Address 0xc662e6b408277a237b7e80e3ba759189be27a55d | Etherscan
https://etherscan.io/address/0x79b4583211bd38568cae2ea09b3676ba03ff64e0,Address 0x17eb56b1938b179ba6272fe2f93e840f9d4c4701 | Etherscan
https://etherscan.io/address/0x2ed33e770af52a2d03dd9883fc844f8ee447c624,Address 0x79b4583211bd38568cae2ea09b3676ba03ff64e0 | Etherscan
https://etherscan.io/address/0x4e2eeb3ededbde002380f1730344bb13a8804cf0,Address 0x2ed33e770af52a2d03dd9883fc844f8ee447c624 | Etherscan
https://etherscan.io/address/0x478daf56df624a08300d7be07f2aee706692174a,Address 0x4e2eeb3ededbde002380f1730344bb13a8804cf0 | Etherscan
https://etherscan.io/address/0x6d029f1f8d9622d8b17b53738a1dabe87554b5cb,Address 0x478daf56df624a08300d7be07f2aee706692174a | Etherscan
https://etherscan.io/address/0xe602f1c87f5c37079ed4752935a843d309111e31,Address 0x6d029f1f8d9622d8b17b53738a1dabe87554b5cb | Etherscan
https://etherscan.io/address/0xb7b01a3aecac8eab524f4ee4c533194b0ef9217f,Address 0xe602f1c87f5c37079ed4752935a843d309111e31 | Etherscan
https://etherscan.io/address/0x0dad83f8ced496e9a1267893d2166a84edb5cb9f,Address 0xb7b01a3aecac8eab524f4ee4c533194b0ef9217f | Etherscan
https://etherscan.io/address/0xf5710c6b100ab05767ebf2ae47587145ccf88ff3,Address 0x0dad83f8ced496e9a1267893d2166a84edb5cb9f | Etherscan
https://etherscan.io/address/0x133cd3aa881b883cf414b5529aa438ac17486303,Address 0xf5710c6b100ab05767ebf2ae47587145ccf88ff3 | Etherscan
https://etherscan.io/address/0xb1bb3ad5a0a109a64a4693e67b73c86872a20866,Address 0x133cd3aa881b883cf414b5529aa438ac17486303 | Etherscan
https://etherscan.io/address/0xed635d6374d5703727a15b87c28679b16332a40d,Address 0xb1bb3ad5a0a109a64a4693e67b73c86872a20866 | Etherscan
https://etherscan.io/address/0x8486a160f40a3998151530f3359f651152ca51c1,Address 0xed635d6374d5703727a15b87c28679b16332a40d | Etherscan
https://etherscan.io/address/0xd9980ac2cd3f26e1a0701d177378e98898dfd013,pgennai.eth | Address 0x8486a160f40a3998151530f3359f651152ca51c1 | Etherscan
https://etherscan.io/address/0xc2da0e7a9fe8d40a3f93ee1acdf72aa44ba32ccd,Address 0xd9980ac2cd3f26e1a0701d177378e98898dfd013 | Etherscan
https://etherscan.io/address/0x0bda0bc5a5b4d630762b7bc6a66f5013802f86ef,Address 0xc2da0e7a9fe8d40a3f93ee1acdf72aa44ba32ccd | Etherscan
https://etherscan.io/address/0xdf86485e5b81bab95598a730933a3c7f53e2bba4,Address 0x0bda0bc5a5b4d630762b7bc6a66f5013802f86ef | Etherscan
https://etherscan.io/address/0xb6c48f89ecc6fed34673bf7a1a69495aaf935b6a,Address 0xdf86485e5b81bab95598a730933a3c7f53e2bba4 | Etherscan
https://etherscan.io/address/0xa64f5d865101be5d0abf02fedfc15f404fc870a7,Address 0xb6c48f89ecc6fed34673bf7a1a69495aaf935b6a | Etherscan
https://etherscan.io/address/0x9d8d3477787991af80dd5fce80f74f0acfbd379d,Address 0xa64f5d865101be5d0abf02fedfc15f404fc870a7 | Etherscan
https://etherscan.io/address/0x4042def3d9fab6e6deeb72ae3fb3175b55e50a5b,Address 0x9d8d3477787991af80dd5fce80f74f0acfbd379d | Etherscan
https://etherscan.io/address/0x0c6320b8eef4c26508be71893cdbfcbf8cc1a34b,f1tz.eth | Address 0x4042def3d9fab6e6deeb72ae3fb3175b55e50a5b | Etherscan
https://etherscan.io/address/0xa108e766c1fee92d213b1a9e62ff9f5708a348e4,Address 0x0c6320b8eef4c26508be71893cdbfcbf8cc1a34b | Etherscan
https://etherscan.io/address/0xa8fbd395a2fbc7c416734b58a9cd4034d11d5fc2,Address 0xa108e766c1fee92d213b1a9e62ff9f5708a348e4 | Etherscan
https://etherscan.io/address/0xd7b81f134cc2587cfd6047e3f9fd2a5fddfd7809,Address 0xa8fbd395a2fbc7c416734b58a9cd4034d11d5fc2 | Etherscan
https://etherscan.io/address/0x035fa7f945898cc7d99c4569addd27f48d1e02c4,Address 0xd7b81f134cc2587cfd6047e3f9fd2a5fddfd7809 | Etherscan
https://etherscan.io/address/0xf4dc17af1a8fdd65dd8b8b1594d47a1a3a0c1d07,Address 0x035fa7f945898cc7d99c4569addd27f48d1e02c4 | Etherscan
https://etherscan.io/address/0xb8260ba1db3078f44b620929a0da3f2e4ea04c87,Ethereum BlockChain Explorer | Maintenance Mode
https://etherscan.io/address/0x5866eea56ca1d8b357d8a8f0e4259976c6e1ff23,Ethereum BlockChain Explorer | Maintenance Mode
https://etherscan.io/address/0x3ce5b1013fa38e710d76804412c97a11e558a0d4,Ethereum BlockChain Explorer | Maintenance Mode
https://etherscan.io/address/0xd2594436a220e90495cb3066b24d37a8252fac0c,Ethereum BlockChain Explorer | Maintenance Mode
https://etherscan.io/address/0x61a6130be7d9c3f9cd33ab2bfc2dea378fc904af,Ethereum BlockChain Explorer | Maintenance Mode
https://etherscan.io/address/0xe6e01eb797df6889701e3a181b6114ac05632d1f,Ethereum BlockChain Explorer | Maintenance Mode
https://etherscan.io/address/0x3a95b8f62011920218f1f779825b7f9ad42b6030,Ethereum BlockChain Explorer | Maintenance Mode
https://etherscan.io/address/0x5be8deac3cbea2cfe6ec6420fa848f89306d9227,Address 0x3a95b8f62011920218f1f779825b7f9ad42b6030 | Etherscan
https://etherscan.io/address/0xe48329b02be6ab7a7af2d11c450555de234e61a5,Address 0x5be8deac3cbea2cfe6ec6420fa848f89306d9227 | Etherscan
https://etherscan.io/address/0x86556db9f7a1b2aa274e6254a950baed26059635,Address 0xe48329b02be6ab7a7af2d11c450555de234e61a5 | Etherscan
https://etherscan.io/address/0x4aba7a3c5a6f95e42945a980b52f9a3d0360de16,Address 0x86556db9f7a1b2aa274e6254a950baed26059635 | Etherscan
https://etherscan.io/address/0x274af61a316678a84aabacc4a6cf6881e9413b3b,Address 0x4aba7a3c5a6f95e42945a980b52f9a3d0360de16 | Etherscan
https://etherscan.io/address/0x30c7d33271fa6bd3fec2ce71409fe923facf6419,erest.eth | Address 0x274af61a316678a84aabacc4a6cf6881e9413b3b | Etherscan
https://etherscan.io/address/0x33d5e375ed3b8f6a88eeba5de587cf8554fc3d01,Address 0x30c7d33271fa6bd3fec2ce71409fe923facf6419 | Etherscan
https://etherscan.io/address/0x076af0e5ff26cf24d5c59fca8b4b13257d625928,Address 0x33d5e375ed3b8f6a88eeba5de587cf8554fc3d01 | Etherscan
https://etherscan.io/address/0x42d90d9b4b5cc87c46fcb52e0302592944830cca,Address 0x076af0e5ff26cf24d5c59fca8b4b13257d625928 | Etherscan
https://etherscan.io/address/0x538f5faaf305cb328403258f5cf9fccf607b3dc9,Address 0x42d90d9b4b5cc87c46fcb52e0302592944830cca | Etherscan
https://etherscan.io/address/0x3432f152dada2366c8cf26b04a57a1efc0422b61,Address 0x538f5faaf305cb328403258f5cf9fccf607b3dc9 | Etherscan
https://etherscan.io/address/0x3759fa6d9bac4257d5a468caf1210d0eb81a5b9c,Address 0x3432f152dada2366c8cf26b04a57a1efc0422b61 | Etherscan
https://etherscan.io/address/0xac42048fe4929d6f8a8fd7cd13b9777fee70aa34,Address 0x3759fa6d9bac4257d5a468caf1210d0eb81a5b9c | Etherscan
https://etherscan.io/address/0x1893ede0593a8f46d3bb290fa7748ac5899b6c86,Address 0xac42048fe4929d6f8a8fd7cd13b9777fee70aa34 | Etherscan
https://etherscan.io/address/0xd77b35b6c835ad7f88c76252370de76dbe6f6d6b,Address 0x1893ede0593a8f46d3bb290fa7748ac5899b6c86 | Etherscan
https://etherscan.io/address/0xd28c06a195fc3e77b2a95c36541e6b46a371c886,Address 0xd77b35b6c835ad7f88c76252370de76dbe6f6d6b | Etherscan
https://etherscan.io/address/0x79f7b7776e44c06c2f6721d65afba10b10147807,Address 0xd28c06a195fc3e77b2a95c36541e6b46a371c886 | Etherscan
https://etherscan.io/address/0xe3393c80cde1939f401d8e675d79aaebe1702e3b,sopresanto.eth | Address 0x79f7b7776e44c06c2f6721d65afba10b10147807 | Etherscan
https://etherscan.io/address/0x963de9d4d67a6a814a93379822f4139628a38a60,Address 0xe3393c80cde1939f401d8e675d79aaebe1702e3b | Etherscan
https://etherscan.io/address/0x4d1ee1a1a0303a233a9ffa4fae4fad38572719a5,skd.eth | Address 0x963de9d4d67a6a814a93379822f4139628a38a60 | Etherscan
https://etherscan.io/address/0x39bf7d2b505bf702fd1a3e2cf8f10e8853962318,Address 0x4d1ee1a1a0303a233a9ffa4fae4fad38572719a5 | Etherscan
https://etherscan.io/address/0xd471ef7fd4fec599eefa25bdec94cbbb001738dd,Address 0x39bf7d2b505bf702fd1a3e2cf8f10e8853962318 | Etherscan
https://etherscan.io/address/0xcad3a3c077e38db2d59999bf917ea853e07ce78b,Address 0xd471ef7fd4fec599eefa25bdec94cbbb001738dd | Etherscan
https://etherscan.io/address/0x9b7feac8ec3e45c53649fbe58402b92e207a119b,Address 0xcad3a3c077e38db2d59999bf917ea853e07ce78b | Etherscan
https://etherscan.io/address/0x31807645febffe35ee0506b418cec219bd758f0a,Address 0x9b7feac8ec3e45c53649fbe58402b92e207a119b | Etherscan
https://etherscan.io/address/0x3db941b385dc060cc95412d47257ee078d02fc76,Address 0x31807645febffe35ee0506b418cec219bd758f0a | Etherscan
https://etherscan.io/address/0x8fb56390709daf6cb41f4dcc06d82eb57b840607,Address 0x3db941b385dc060cc95412d47257ee078d02fc76 | Etherscan
https://etherscan.io/address/0xc79a891c1b27e9ed70d1984dd6d3e0be6f2d7e8a,Address 0x8fb56390709daf6cb41f4dcc06d82eb57b840607 | Etherscan
https://etherscan.io/address/0xf349cc15636262ec2dc0eda6693abe980c718489,Address 0xc79a891c1b27e9ed70d1984dd6d3e0be6f2d7e8a | Etherscan
https://etherscan.io/address/0x4d8b0536864ef366cceba93dbebfe43175f6deb3,Address 0xf349cc15636262ec2dc0eda6693abe980c718489 | Etherscan
https://etherscan.io/address/0x9ea0be688655b91d1c637f9a43941e70db1b92c8,Ethereum BlockChain Explorer | Maintenance Mode
https://etherscan.io/address/0xd9b5c80b9dc92357aacd067b4c3bd1f9bff9ddef,Ethereum BlockChain Explorer | Maintenance Mode
https://etherscan.io/address/0x775f3b03b5582b5953e6544dbc37d2bca18632cf,Ethereum BlockChain Explorer | Maintenance Mode
https://etherscan.io/address/0x0f4dd1c0054f5f9717fb8f943a2b9ada0eeeb045,Ethereum BlockChain Explorer | Maintenance Mode
https://etherscan.io/address/0x5f1ccdc09ff5b05f6df2b8a643b356801d12a0f5,Ethereum BlockChain Explorer | Maintenance Mode
https://etherscan.io/address/0x42ba71b25b09b20b3db5670b07bd7b941e360001,Ethereum BlockChain Explorer | Maintenance Mode
https://etherscan.io/address/0xc974f7af8e5a817c0cd7ce200d561aabecd4fe5f,Ethereum BlockChain Explorer | Maintenance Mode
https://etherscan.io/address/0x989af2946cebb2950ca28252e781e198bdfbadae,Address 0xc974f7af8e5a817c0cd7ce200d561aabecd4fe5f | Etherscan
https://etherscan.io/address/0x8755d56632c9f0d05b125d0810eddb4afa7fe5a0,Address 0x989af2946cebb2950ca28252e781e198bdfbadae | Etherscan
https://etherscan.io/address/0x9ed54ae981c5fa8946525afd09bf431aece04aaf,Address 0x8755d56632c9f0d05b125d0810eddb4afa7fe5a0 | Etherscan
https://etherscan.io/address/0xc56b6720ff2a800be7e62fd248524ec80b98f062,Address 0x9ed54ae981c5fa8946525afd09bf431aece04aaf | Etherscan
https://etherscan.io/address/0xacb3b58204646c20c38ebb085c66463dc210a207,Address 0xc56b6720ff2a800be7e62fd248524ec80b98f062 | Etherscan
https://etherscan.io/address/0xd9bc9b79fb42274ee124e73d8afa9705cbd22ac6,Address 0xacb3b58204646c20c38ebb085c66463dc210a207 | Etherscan
https://etherscan.io/address/0x132bd429f1e579bb2b1c397ad08641d9c38be6f5,Address 0xd9bc9b79fb42274ee124e73d8afa9705cbd22ac6 | Etherscan
https://etherscan.io/address/0x0da5310c2bd3f75d1bbbcab4ca3651497314c1ef,Address 0x132bd429f1e579bb2b1c397ad08641d9c38be6f5 | Etherscan
